Date,Time,Tweet_Text,Type,Media_Type,Hashtags,Tweet_Id,Tweet_Url,twt_favourites_IS_THIS_LIKE_QUESTION_MARK,Retweets,,
16-11-11,15:26:37,Today we express our deepest gratitude to all those who have served in our armed forces. #ThankAVet https://t.co/wPk7QWpK8Z,text,photo,ThankAVet,7.97E+17,https://twitter.com/realDonaldTrump/status/797098212599496704,127213,41112,,
16-11-11,13:33:35,Busy day planned in New York. Will soon be making some very important decisions on the people who will be running our government!,text,,,7.97E+17,https://twitter.com/realDonaldTrump/status/797069763801387008,141527,28654,,
16-11-11,11:14:20,Love the fact that the small groups of protesters last night have passion for our great country. We will all come together and be proud!,text,,,7.97E+17,https://twitter.com/realDonaldTrump/status/797034721075228672,183729,50039,,
16-11-11,2:19:44,"Just had a very open and successful presidential election. Now professional protesters, incited by the media, are protesting. Very unfair!",text,,,7.97E+17,https://twitter.com/realDonaldTrump/status/796900183955095552,214001,67010,,
16-11-11,2:10:46,"A fantastic day in D.C. Met with President Obama for first time. Really good meeting, great chemistry. Melania liked Mrs. O a lot!",text,,,7.97E+17,https://twitter.com/realDonaldTrump/status/796897928048766976,178499,36688,,
16-11-10,19:31:27,Happy 241st birthday to the U.S. Marine Corps! Thank you for your service!! https://t.co/Lz2dhrXzo4,text,photo,,7.97E+17,https://twitter.com/realDonaldTrump/status/796797436752707585,159176,44655,,
16-11-09,11:36:58,Such a beautiful and important evening! The forgotten man and woman will never be forgotten again. We will all come together as never before,text,,,7.96E+17,https://twitter.com/realDonaldTrump/status/796315640307060738,627615,225164,,
16-11-09,2:48:27,"Watching the returns at 9:45pm. 
#ElectionNight #MAGA_��_��� https://t.co/HfuJeRZbod",text,photo,ElectionNight;MAGA,7.96E+17,https://twitter.com/realDonaldTrump/status/796182637622816768,185160,45492,,
16-11-09,1:35:15,RT @IvankaTrump: Such a surreal moment to vote for my father for President of the United States! Make your voice heard and vote! #Election2��_,text,,,7.96E+17,https://twitter.com/realDonaldTrump/status/796164216294084608,99809,17169,,
16-11-08,23:20:39,RT @EricTrump: Join my family in this incredible movement to #MakeAmericaGreatAgain!! Now it is up to you! Please #VOTE for America! https:��_,text,,MakeAmericaGreatAgain;VOTE,7.96E+17,https://twitter.com/realDonaldTrump/status/796130340180029441,63868,19710,,
16-11-08,23:20:09,RT @DonaldJTrumpJr: FINAL PUSH! Eric and I doing dozens of radio interviews. We can win this thing! GET OUT AND VOTE! #MAGA #ElectionDay ht��_,text,,MAGA;ElectionDay,7.96E+17,https://twitter.com/realDonaldTrump/status/796130213826621440,50811,11287,,
16-11-08,23:03:42,"Still time to #VoteTrump! 
#iVoted #ElectionNight https://t.co/UZtYAY1Ba6",text,photo,VoteTrump;iVoted;ElectionNight,7.96E+17,https://twitter.com/realDonaldTrump/status/796126077647196160,63750,25301,,
16-11-08,21:31:20,"Dont let up, keep getting out to vote - this election is FAR FROM OVER! We are doing well but there is much time left. GO FLORIDA!",text,,,7.96E+17,https://twitter.com/realDonaldTrump/status/796102830352465921,116282,36745,,
16-11-08,21:28:24,"Just out according to @CNN: ""Utah officials report voting machine problems across entire country""",text,,,7.96E+17,https://twitter.com/realDonaldTrump/status/796102093727793152,46376,21910,,
16-11-08,21:18:04,I will be watching the election results from Trump Tower in Manhattan with my family and friends. Very exciting!,text,,,7.96E+17,https://twitter.com/realDonaldTrump/status/796099494442057728,125086,25185,,
16-11-08,18:23:39,#ElectionDay https://t.co/MXrAxYnTjY https://t.co/FZhOncih21,link,photo,ElectionDay,7.96E+17,https://twitter.com/realDonaldTrump/status/796055597594578944,59198,25424,,
16-11-08,18:03:49,We need your vote. Go to the POLLS! Lets continue this MOVEMENT! Find your poll location: https://t.co/VMUdvi1tx1��_ https://t.co/zGOx74Ebhw,text,,,7.96E+17,https://twitter.com/realDonaldTrump/status/796050609254395905,61010,24310,,
16-11-08,16:39:36,VOTE TODAY! Go to https://t.co/MXrAxYnTjY to find your polling location. We are going to Make America Great Again!��_ https://t.co/KPQ5EY9VwQ,link,,,7.96E+17,https://twitter.com/realDonaldTrump/status/796029413318082560,67787,29756,,
16-11-08,11:43:14,TODAY WE MAKE AMERICA GREAT AGAIN!,text,,,7.96E+17,https://twitter.com/realDonaldTrump/status/795954831718498305,571069,352603,,
16-11-08,6:42:36,Today we are going to win the great state of MICHIGAN and we are going to WIN back the White House! Thank you MI!��_ https://t.co/onRpEvzHrW,text,,,7.96E+17,https://twitter.com/realDonaldTrump/status/795879172795203584,53730,17517,,
16-11-08,4:32:51,"RT @EricTrump: Sean Hannity: If Hillary wins, you own it https://t.co/kQCwX3ttjK",link,,,7.96E+17,https://twitter.com/realDonaldTrump/status/795846520734183424,20150,9176,,
16-11-08,4:29:10,"RT @DonaldJTrumpJr: Thanks New Hampshire!!! 
#NH #NewHampshire #MAGA https://t.co/JDgcyJvJpk",text,photo,NH;NewHampshire;MAGA,7.96E+17,https://twitter.com/realDonaldTrump/status/795845594032013312,37954,10591,,
16-11-08,4:27:18,RT @detroitnews: .@IvankaTrump in Michigan: ���This is your movement�۪ https://t.co/0Sa7huoOP1  @realDonaldTrump https://t.co/cMXEqSHuDj,link,photo,,7.96E+17,https://twitter.com/realDonaldTrump/status/795845126744604673,20591,6917,,
16-11-08,3:43:54,"Unbelievable evening in New Hampshire - THANK YOU! Flying to Grand Rapids, Michigan now. 
Watch NH rally here:��_ https://t.co/hP88anrfgk",text,,,7.96E+17,https://twitter.com/realDonaldTrump/status/795834203430645760,31321,9085,,
16-11-08,0:17:57,Big news to share in New Hampshire tonight! Polls looking great! See you soon.,text,,,7.96E+17,https://twitter.com/realDonaldTrump/status/795782371895349250,43939,13453,,
16-11-08,0:16:15,"Today in Florida, I pledged to stand with the people of Cuba and Venezuela in their fight against oppression- cont: https://t.co/8eELqk2wUw",text,,,7.96E+17,https://twitter.com/realDonaldTrump/status/795781945607278592,36041,13838,,
16-11-08,0:08:28,Thank you Pennsylvania! Going to New Hampshire now and on to Michigan. Watch PA rally here: https://t.co/d29DLINGst��_ https://t.co/zcH9crFIKM,text,,,7.96E+17,https://twitter.com/realDonaldTrump/status/795779987152523264,28712,9047,,
16-11-07,23:28:48,LIVE on #Periscope: Join me for a few minutes in Pennsylvania. Get out &amp; VOTE tomorrow. LETS #MAGA!! https://t.co/Ej0LmMK3YU,text,,Periscope;MAGA,7.96E+17,https://twitter.com/realDonaldTrump/status/795770006306861057,30569,10133,,
16-11-07,22:21:53,Hey Missouri lets defeat Crooked Hillary &amp; @koster4missouri! Koster supports Obamacare &amp; amnesty! Vote outsider Navy SEAL @EricGreitens!,text,,,7.96E+17,https://twitter.com/realDonaldTrump/status/795753162623815680,36401,12556,,
16-11-07,21:37:25,"America must decide between failed policies or fresh perspective, a corrupt system or an outsider
https://t.co/ll8QIW9SqW",link,,,7.96E+17,https://twitter.com/realDonaldTrump/status/795741975022604293,36663,16108,,
16-11-07,21:35:14,"What I Like About Trump ... and Why You Need to Vote for Him
https://t.co/6rVuDUehZq",link,,,7.96E+17,https://twitter.com/realDonaldTrump/status/795741423756840960,23403,9633,,
16-11-07,21:32:26,Why Trump https://t.co/RpwIYB7aOV,link,,,7.96E+17,https://twitter.com/realDonaldTrump/status/795740720388866048,17547,7240,,
16-11-07,21:03:13,"I love you North Carolina- thank you for your amazing support! Get out and https://t.co/HfihPERFgZ tomorrow!
Watch:��_ https://t.co/jZzfqUZNYh",link,,,7.96E+17,https://twitter.com/realDonaldTrump/status/795733366842806272,30479,10867,,
16-11-07,19:31:54,On my way! https://t.co/6L2ILD6r8h,text,,,7.96E+17,https://twitter.com/realDonaldTrump/status/795710386855088129,26062,8448,,
16-11-07,19:30:12,Just landed in North Carolina- heading to the J.S. Dorton Arena. See you all soon! Lets #MakeAmericaGreatAgain! https://t.co/EUo0keWX1Y,text,photo,MakeAmericaGreatAgain,7.96E+17,https://twitter.com/realDonaldTrump/status/795709959245856768,40708,14726,,
16-11-07,17:10:20,"Starting tomorrow its going to be #AmericaFirst! Thank you for a great morning Sarasota, Florida!
Watch here:��_ https://t.co/ig62Kjkkvl",text,,AmericaFirst,7.96E+17,https://twitter.com/realDonaldTrump/status/795674761309417472,35905,14092,,
16-11-07,6:35:39,Thank you for you support Virginia! In ONE DAY - get out and #VoteTrumpPence16! #ICYMI: https://t.co/Nid8qcFTwY https://t.co/WOsEcjM8sm,text,photo,VoteTrumpPence16;ICYMI,7.96E+17,https://twitter.com/realDonaldTrump/status/795515037632921601,33492,12663,,
16-11-07,4:14:31,Thank you Pennsylvania- I am forever grateful for your amazing support. Lets MAKE AMERICA GREAT AGAIN! #MAGA��_ https://t.co/qbcJZAzw6z,text,,MAGA,7.95E+17,https://twitter.com/realDonaldTrump/status/795479521520717825,48520,18828,,
16-11-07,1:52:18,Thank you Michigan! This is a MOVEMENT that will never be seen again- its our last chance to #DrainTheSwamp! Watch��_ https://t.co/cSdGkCFYRL,text,,DrainTheSwamp,7.95E+17,https://twitter.com/realDonaldTrump/status/795443728282505216,39206,15936,,
16-11-07,0:09:41,"Our American comeback story begins 11/8/16. Together, we will MAKE AMERICA SAFE &amp; GREAT again for everyone! Watch:��_ https://t.co/ek8Cn3CgTr",text,,,7.95E+17,https://twitter.com/realDonaldTrump/status/795417907476000768,37080,15291,,
16-11-06,23:42:28,"Thank you Minnesota! It is time to #DrainTheSwamp &amp; #MAGA! 
#ICYMI- watch: https://t.co/fVThC7yIL6 https://t.co/e8SaXiJrxj",text,photo,DrainTheSwamp;MAGA;ICYMI,7.95E+17,https://twitter.com/realDonaldTrump/status/795411058357837825,25076,9612,,
16-11-06,23:08:58,"MONDAY - 11/7/2016

Scranton, Pennsylvania at 5:30pm.
https://t.co/BcErCtsPdF

Grand Rapids, Michigan at 11pm.��_ https://t.co/pgFMLp0173",text,,,7.95E+17,https://twitter.com/realDonaldTrump/status/795402627701964800,27031,10300,,
16-11-06,19:26:58,"Thank you Iowa - Get out &amp; #VoteTrumpPence16! 
https://t.co/HfihPERFgZ https://t.co/QsukELQmKb",link,photo,VoteTrumpPence16,7.95E+17,https://twitter.com/realDonaldTrump/status/795346759119736832,26451,9296,,
16-11-06,18:09:44,RT @IvankaTrump: Thank you New Hampshire! _��_��� https://t.co/pdnxXq2jgy,text,photo,,7.95E+17,https://twitter.com/realDonaldTrump/status/795327323016953857,27410,8497,,
16-11-06,17:06:08,Van Jones: ���There Is A Crack in the Blue Wall�۪ ��� It Has to Do With Trade: https://t.co/BvEF9cC7o7,link,,,7.95E+17,https://twitter.com/realDonaldTrump/status/795311315304714242,19294,8618,,
16-11-06,6:08:32,"Great night in Denver, Colorado- thank you! Together, we will MAKE AMERICA GREAT AGAIN! 
#ICYMI watch rally here:��_ https://t.co/LbvNHo6T2k",text,,ICYMI,7.95E+17,https://twitter.com/realDonaldTrump/status/795145824586137600,31947,11121,,
16-11-06,4:27:00,"RT @DanScavino: Join @realDonaldTrump LIVE in Denver, Colorado via his #Facebook page- we are here!!
#MakeAmericaGreatAgain_��_���  
https://t.c��_",text,,Facebook;MakeAmericaGreatAgain,7.95E+17,https://twitter.com/realDonaldTrump/status/795120273070686208,15478,5336,,
16-11-06,2:03:20,"Thank you Reno, Nevada. 
NOTHING will stop us in our quest to MAKE AMERICA SAFE AND GREAT AGAIN! #AmericaFirst��_ https://t.co/A4eeHoCbGS",text,,AmericaFirst,7.95E+17,https://twitter.com/realDonaldTrump/status/795084117192810496,47667,19072,,
16-11-06,0:20:16,"Join me live in Reno, Nevada!
https://t.co/T4bf1hrxaA https://t.co/EPqRXHa1CM",link,photo,,7.95E+17,https://twitter.com/realDonaldTrump/status/795058179168055296,17606,4738,,
16-11-06,0:19:18,"JOIN ME TOMORROW!
MINNESOTA �ۢ 2pm
https://t.co/WcgLh4prS7

MICHIGAN �ۢ 6pm
https://t.co/9BqGVKNNrt

VIRGINIA �ۢ 9:30p��_ https://t.co/A1oVhCrT6t",text,,,7.95E+17,https://twitter.com/realDonaldTrump/status/795057936565313536,18251,6966,,
16-11-05,21:46:34,"#DrainTheSwamp!
https://t.co/z68vGp9Bvf",link,,DrainTheSwamp,7.95E+17,https://twitter.com/realDonaldTrump/status/795019500345233408,22097,11039,,
16-11-05,21:39:44,"Top Clinton Aides Bemoan Campaign ���All Tactics,�۪ No Vision: https://t.co/mHYvQtIq78",link,,,7.95E+17,https://twitter.com/realDonaldTrump/status/795017781423067136,16586,8239,,
16-11-05,21:38:01,"���Must Act Immediately�۪: Clinton Charity Lawyer Told Execs They Were Breaking The Law
https://t.co/hsi4qhqTV1",link,,,7.95E+17,https://twitter.com/realDonaldTrump/status/795017350688935936,21454,12824,,
16-11-05,21:27:32,Watch Coach Mike Ditka- a great guy and supporter tonight at 8pmE on #WattersWorld with @jessebwatters @FoxNews.,text,,WattersWorld,7.95E+17,https://twitter.com/realDonaldTrump/status/795014711716757504,21021,6843,,
16-11-05,20:13:34,"Thank you Wilmington, North Carolina. We are 3 days away from the CHANGE youve been waiting for your entire life!��_ https://t.co/6ZJZRBfLST",text,,,7.95E+17,https://twitter.com/realDonaldTrump/status/794996097370427392,32323,11127,,
16-11-05,20:06:21,"Thank you for the incredible support this morning Tampa, Florida! #ICYMI- watch here: https://t.co/q43kHf7MoE https://t.co/1GscFNaV4L",text,photo,ICYMI,7.95E+17,https://twitter.com/realDonaldTrump/status/794994280829952000,23345,8289,,
16-11-05,16:45:05,"Join me in Denver, Colorado tonight at 9:30pm: https://t.co/LJYGIK7Mri

NEW- Scranton, Pennsylvania Monday @ 5:30pm: https://t.co/BcErCtsPdF",text,,,7.95E+17,https://twitter.com/realDonaldTrump/status/794943632176451584,16461,5878,,
16-11-05,13:33:10,MAKE AMERICA GREAT AGAIN!,text,,,7.95E+17,https://twitter.com/realDonaldTrump/status/794895332941381633,117004,60973,,
16-11-05,2:52:56,"Thank you Hershey, Pennsylvania. Get out &amp; VOTE on November 8th &amp; we will #MAGA! #RallyForRiley 
#ICYMI, watch here��_ https://t.co/maWukVBTr8",text,,MAGA;RallyForRiley;ICYMI,7.95E+17,https://twitter.com/realDonaldTrump/status/794734211559292928,28422,10391,,
16-11-04,23:57:37,"Join me in Denver, Colorado tomorrow at 9:30pm!
Tickets: https://t.co/LJYGIK7Mri",text,,,7.95E+17,https://twitter.com/realDonaldTrump/status/794690094594740224,16795,5512,,
16-11-04,23:50:57,"Join me live in Hershey, Pennsylvania! 
#MakeAmericaGreatAgain 
LIVE: https://t.co/xEj6sZpb12 https://t.co/JWfGI1vlwW",link,photo,MakeAmericaGreatAgain,7.95E+17,https://twitter.com/realDonaldTrump/status/794688416663437312,19709,6722,,
16-11-04,23:31:28,The only thing that can stop this corrupt machine is YOU. The only force strong enough to save our country is US.��_ https://t.co/7dcSHOkuzc,text,,,7.95E+17,https://twitter.com/realDonaldTrump/status/794683513853382656,65717,34496,,
16-11-04,23:14:59,Thank you Ohio! VOTE so we can replace Obamacare and save healthcare for every family in the United States! Watch:��_ https://t.co/7CH8ZnGdOa,text,,,7.95E+17,https://twitter.com/realDonaldTrump/status/794679364289986560,25502,9679,,
16-11-04,20:33:12,"Join me live in Wilmington, Ohio!
https://t.co/nQ2p4EulLu",text,,,7.95E+17,https://twitter.com/realDonaldTrump/status/794638650382368768,13569,3789,,
16-11-04,19:07:20,"If Obama worked as hard on straightening out our country as he has trying to protect and elect Hillary, we would all be much better off!",text,,,7.95E+17,https://twitter.com/realDonaldTrump/status/794617042888491008,103402,42470,,
16-11-04,18:56:15,"ICE OFFICERS WARN HILLARY IMMIGRATION PLAN WILL UNLEASH GANGS, CARTELS &amp; DRUG VIOLENCE NATIONWIDE��_ https://t.co/09aSrBwQrv",text,,,7.95E+17,https://twitter.com/realDonaldTrump/status/794614251709169664,26624,17622,,
16-11-04,18:46:42,"Thank you NH! We will end illegal immigration, stop the drugs, deport all criminal aliens&amp;save American lives! Watc��_ https://t.co/uxcazVkb32",text,,,7.95E+17,https://twitter.com/realDonaldTrump/status/794611850499489793,20833,7543,,
16-11-04,16:28:36,"Clinton Aides: ���Definitely�۪ Not Releasing Some HRC Emails:
https://t.co/GY5pGKaDoW",link,,,7.95E+17,https://twitter.com/realDonaldTrump/status/794577092453212160,15983,8135,,
16-11-04,16:26:19,RT @TeamTrump: Mrs. Sauciers son is in prison for having classified info on an unsecured device. @HillaryClinton did FAR WORSE &amp; is runnin��_,text,,,7.95E+17,https://twitter.com/realDonaldTrump/status/794576519955939328,19789,12373,,
16-11-04,16:17:22,"""The Clinton Campaign at Obama Justice"" #DrainTheSwamp
https://t.co/LZkvFc071z",link,,DrainTheSwamp,7.95E+17,https://twitter.com/realDonaldTrump/status/794574267878928384,15014,7606,,
16-11-04,15:32:31,"Join me today in Wilmington, Ohio at 4pm: https://t.co/eCLECMkYLw

Tomorrow- Tampa, Florida at 10am: https://t.co/N9380pVmuM",text,,,7.95E+17,https://twitter.com/realDonaldTrump/status/794562979652128772,12903,4199,,
16-11-04,2:35:08,"There is no challenge too great, no dream outside of our reach! Thank you Selma, North Carolina!
#ICYMI, watch here��_ https://t.co/8uIrhgYRsl",text,,ICYMI,7.94E+17,https://twitter.com/realDonaldTrump/status/794367345359732740,32042,12009,,
16-11-03,23:30:17,"RT @PaulaReidCBS: .@CBSNews confirms FBI found emails on #AnthonyWeiner computer, related to Hillary Clinton server, that are ""new"" &amp; not p��_",text,,AnthonyWeiner,7.94E+17,https://twitter.com/realDonaldTrump/status/794320826237644805,27034,16584,,
16-11-03,21:28:01,"Join me in Wilmington, Ohio tomorrow at 4:00pm! It is time to #DrainTheSwamp! Tickets: https://t.co/eCLECM3nmW https://t.co/sb5irRxjxJ",text,photo,DrainTheSwamp,7.94E+17,https://twitter.com/realDonaldTrump/status/794290058685661184,18643,6490,,
16-11-03,20:55:36,#CrookedHillary is unfit to serve. https://t.co/bSuGvInNF1,text,photo,CrookedHillary,7.94E+17,https://twitter.com/realDonaldTrump/status/794281898570825728,36860,20338,,
16-11-03,20:52:52,"Thank you Concord, North Carolina! When WE win on November 8th, we are going to Washington, D.C. and we are going t��_ https://t.co/7j4MBn1Waf",text,,,7.94E+17,https://twitter.com/realDonaldTrump/status/794281211963338752,33408,12451,,
16-11-03,19:25:37,"Watching my beautiful wife, Melania, speak about our love of country and family. We will make you all very proud.��_ https://t.co/DiKmSnTlC2",text,,,7.94E+17,https://twitter.com/realDonaldTrump/status/794259252613414915,56014,16977,,
16-11-03,15:19:12,Looking at Air Force One @ MIA. Why is he campaigning instead of creating jobs &amp; fixing Obamacare? Get back to work for the American people!,text,,,7.94E+17,https://twitter.com/realDonaldTrump/status/794197242471124992,73411,28438,,
16-11-03,12:34:14,"ObamaCare is a total disaster. Hillary Clinton wants to save it by making it even more expensive. Doesnt work, I will REPEAL AND REPLACE!",text,,,7.94E+17,https://twitter.com/realDonaldTrump/status/794155725152980992,46554,15863,,
16-11-03,12:27:27,"My wife, Melania, will be speaking in Pennsylvania this afternoon. So exciting, big crowds! I will be watching from North Carolina.",text,,,7.94E+17,https://twitter.com/realDonaldTrump/status/794154017983238145,46851,12265,,
16-11-03,3:55:49,"Thank you Arlene! We will MAKE AMERICA SAFE AND GREAT AGAIN! 
#ImWithYou #DrainTheSwamp 
https://t.co/tSI0YP2LL9",link,,ImWithYou;DrainTheSwamp,7.94E+17,https://twitter.com/realDonaldTrump/status/794025263604625409,29349,11186,,
16-11-03,3:44:39,RT @T_Lineberger: Thanks @IvankaTrump for coming to help win Michigan! More people here than a Hillary rally with less than 24 hours notice��_,text,,,7.94E+17,https://twitter.com/realDonaldTrump/status/794022452233781248,23271,9758,,
16-11-02,23:34:23,#MakeAmericaGreatAgain #6Days https://t.co/eHTGIEpFsm,text,photo,MakeAmericaGreatAgain;6Days,7.94E+17,https://twitter.com/realDonaldTrump/status/793959470585913345,37770,18260,,
16-11-02,21:30:24,"Thank you Orlando, Florida! We are just six days away from delivering justice for every forgotten man, woman and ch��_ https://t.co/LPXBQZ5AXt",text,,,7.94E+17,https://twitter.com/realDonaldTrump/status/793928267250171904,46166,16798,,
16-11-02,19:09:28,"After decades of lies and scandal, Crooked Hillarys corruption is closing in. #DrainTheSwamp! https://t.co/YivCacmkKq",text,photo,DrainTheSwamp,7.94E+17,https://twitter.com/realDonaldTrump/status/793892802040041472,48786,26866,,
16-11-02,18:58:34,"Clinton camp fumed when surrogate told supporters Clinton planned to betray labor on TPP post-election: 
https://t.co/ZZjbGDZP7e",link,,,7.94E+17,https://twitter.com/realDonaldTrump/status/793890059510505472,19453,10159,,
16-11-02,18:57:07,"""It pays to have friends in high places- like the Justice Department. Clearly the Clintons do."" 
#DrainTheSwamp! https://t.co/KZXB4B156M",link,,DrainTheSwamp,7.94E+17,https://twitter.com/realDonaldTrump/status/793889694064967680,22162,11361,,
16-11-02,17:15:30,"Thank you Miami! In 6 days, we are going to WIN the GREAT STATE of FLORIDA - and we are going to win back the White��_ https://t.co/MKYPOp0MeD",text,,,7.94E+17,https://twitter.com/realDonaldTrump/status/793864122987323393,33442,12597,,
16-11-02,14:37:03,Praying for the families of the two Iowa police who were ambushed this morning. An attack on those who keep us safe is an attack on us all.,text,,,7.94E+17,https://twitter.com/realDonaldTrump/status/793824247168765952,88542,30872,,
16-11-02,13:18:39,"""@PYNance: Evangelical women live at #trumptower @pdpryor1 @CissieGLynch @SaysGabrielle https://t.co/k5kGXPR2WA""",text,photo,trumptower,7.94E+17,https://twitter.com/realDonaldTrump/status/793804514583252992,20029,7497,,
16-11-02,13:11:06,"""@Ravenrantz: #Billygrahams grand daughter #SupportsTrump https://t.co/sKz1SPHzDZ""  So nice, thank you Cissy Graham Lynch!!!!",text,,Billygraham;SupportsTrump,7.94E+17,https://twitter.com/realDonaldTrump/status/793802617428160513,19345,8046,,
16-11-02,12:47:48,"Crooked Hillary Clinton deleted 33,000 e-mails AFTER they were subpoenaed by the United States Congress. Guilty - cannot run. Rigged system!",text,,,7.94E+17,https://twitter.com/realDonaldTrump/status/793796754193936385,49291,18976,,
16-11-02,11:00:30,"I am going to repeal and replace ObamaCare. We will have MUCH less expensive and MUCH better healthcare. With Hillary, costs will triple!",text,,,7.94E+17,https://twitter.com/realDonaldTrump/status/793769750056677376,51775,17637,,
16-11-02,10:35:56,"You can change your vote in six states. So, now that you see that Hillary was a big mistake, change your vote to MAKE AMERICA GREAT AGAIN!",text,,,7.94E+17,https://twitter.com/realDonaldTrump/status/793763567837253633,59594,26024,,
16-11-02,3:43:15,"Join me in Florida tomorrow!

MIAMI�ۢ12pm
https://t.co/A3X71Q6sG2

ORLANDO�ۢ4pm
https://t.co/6BqTVoty5C

PENSACOLA�ۢ7p��_ https://t.co/kEQuuJeO1B",text,,,7.94E+17,https://twitter.com/realDonaldTrump/status/793659710054498304,19231,8408,,
16-11-02,0:32:51,Thank you for your incredible support Wisconsin and Governor @ScottWalker! It is time to #DrainTheSwamp &amp; #MAGA!��_ https://t.co/gKBkKmTudn,text,,DrainTheSwamp;MAGA,7.94E+17,https://twitter.com/realDonaldTrump/status/793611795156111360,32868,12784,,
16-11-01,23:07:25,"RT @DanScavino: Join @realDonaldTrump LIVE in Wisconsin with Gov. @ScottWalker, @MayorRGiuliani, @Reince &amp; Coach Bobby Knight! LIVE: https:��_",text,,,7.94E+17,https://twitter.com/realDonaldTrump/status/793590297800404992,9656,3228,,
16-11-01,21:57:54,"WikiLeaks emails reveal Podesta urging Clinton camp to dump emails. 
Time to #DrainTheSwamp!
https://t.co/P3ajiACiXK",link,,DrainTheSwamp,7.94E+17,https://twitter.com/realDonaldTrump/status/793572802729086976,26247,14548,,
16-11-01,21:46:18,Podesta urged Clinton team to hand over emails after use of private server emerged https://t.co/NYvVmoA8wl,link,,,7.94E+17,https://twitter.com/realDonaldTrump/status/793569883409657856,17217,8432,,
16-11-01,21:28:55,"Mika Brzezinski: Dem Criticism of Comey Reinforcing Idea ���There�۪s Something There
https://t.co/EvBp0xESPN https://t.co/QIDBiDpat8",link,photo,,7.94E+17,https://twitter.com/realDonaldTrump/status/793565506431168512,21889,10770,,
16-11-01,21:20:04,Hillary Advisers Wanted Her To Avoid Supporting Israel When Talking To Democrats: https://t.co/y7m8iVU173,link,,,7.94E+17,https://twitter.com/realDonaldTrump/status/793563282854383617,16094,9250,,
16-11-01,21:16:57,Trump promises special session to repeal Obamacare: https://t.co/wTCd108yrV,link,,,7.94E+17,https://twitter.com/realDonaldTrump/status/793562498100178945,18869,8569,,
16-11-01,21:15:42,Kept me out of jail: Top DOJ official involved in Clinton probe represented her campaign chairman: https://t.co/QUZn97CEOq,link,,,7.94E+17,https://twitter.com/realDonaldTrump/status/793562183573442560,19049,11024,,
16-11-01,18:44:44,.@DarrellIssa is a very good man. Help him win his congressional seat in California.,text,,,7.94E+17,https://twitter.com/realDonaldTrump/status/793524189240188928,24560,10694,,
16-11-01,17:24:18,"#ICYMI: Governor @mike_pence and I were in Valley Forge, Pennsylvania today. You can watch it here:��_ https://t.co/6GWgmCV23Z",text,,ICYMI,7.94E+17,https://twitter.com/realDonaldTrump/status/793503948313419776,20877,7729,,
16-11-01,14:14:09,"So terrible that Crooked didnt report she got the debate questions from Donna Brazile, if that were me it would have been front page news!",text,,,7.93E+17,https://twitter.com/realDonaldTrump/status/793456094198759424,82389,33512,,
16-11-01,13:35:47,"JOIN ME TOMORROW IN FLORIDA!

MIAMI�ۢ12pm
https://t.co/A3X71Q6sG2

ORLANDO�ۢ4pm
https://t.co/6BqTVoty5C

PENSACOLA�ۢ7p��_ https://t.co/kNzrAeuLZO",text,,,7.93E+17,https://twitter.com/realDonaldTrump/status/793446442031575040,17915,8857,,
16-11-01,12:01:11,"Crooked Hillary should not be allowed to run for president. She deleted 33,000 e-mails AFTER getting a subpoena from U.S. Congress. RIGGED!",text,,,7.93E+17,https://twitter.com/realDonaldTrump/status/793422633111023616,60850,24295,,
16-11-01,11:55:47,"Wow, now leading in @ABC /@washingtonpost Poll 46 to 45. Gone up 12 points in two weeks, mostly before the Crooked Hillary blow-up!",text,,,7.93E+17,https://twitter.com/realDonaldTrump/status/793421274043285504,40516,16799,,
16-11-01,10:31:46,Look at the way Crooked Hillary is handling the e-mail case and the total mess she is in. She is unfit to be president. Bad judgement!,text,,,7.93E+17,https://twitter.com/realDonaldTrump/status/793400131525677056,56759,21906,,
16-10-31,20:49:56,"Wow! I hear you Warren, Michigan. Streaming live - join us America. It is time to DRAIN THE SWAMP!
Watch: https://t.co/pjXELwc5E1",text,,,7.93E+17,https://twitter.com/realDonaldTrump/status/793193310219272198,24784,8648,,
16-10-31,19:08:25,#ObamacareFail #HillarycareFail https://t.co/gaXOWVI0Xa,text,photo,ObamacareFail;HillarycareFail,7.93E+17,https://twitter.com/realDonaldTrump/status/793167761509851137,28167,16294,,
16-10-31,19:00:42,"Thank you Grand Rapids, Michigan! #ICYMI- watch: https://t.co/2mDQCs6coB https://t.co/gN7BYfLD9K",text,photo,ICYMI,7.93E+17,https://twitter.com/realDonaldTrump/status/793165820889358338,23382,9540,,
16-10-31,18:20:00,$25 Million+ raised online in just one week! RECORD WEEK. #DrainTheSwamp Today we set a bigger record. Contribute &gt;https://t.co/CZ1QmzCxwO,link,,DrainTheSwamp,7.93E+17,https://twitter.com/realDonaldTrump/status/793155579019681792,22576,9299,,
16-10-31,16:38:13,"Legendary basketball coach Bobby Knight who has 900+ wins, many championships and a gold medal will be introducing��_ https://t.co/aHltfG7U4I",text,,,7.93E+17,https://twitter.com/realDonaldTrump/status/793129964476436480,43606,13359,,
16-10-31,16:00:19,"Hillarys Two Official Favors To Morocco Resulted In $28 Million For Clinton Foundation #DrainTheSwamp
https://t.co/6qOO7FZSvF",link,,DrainTheSwamp,7.93E+17,https://twitter.com/realDonaldTrump/status/793120426541056000,23506,14733,,
16-10-31,3:59:48,"Join me tomorrow in Michigan!

Grand Rapids at 12pm:
https://t.co/xFPRNF7pnF

Warren at 3pm:
https://t.co/DREwbH7ZVd https://t.co/iyXwiP0rvd",text,photo,,7.93E+17,https://twitter.com/realDonaldTrump/status/792939101494337540,20409,8059,,
16-10-31,2:52:08,"Beautiful rally in Albuquerque, New Mexico this evening - thank you. Get out &amp; VOTE! #DrainTheSwamp
Watch rally:��_ https://t.co/K2RSgt2Zh5",text,,DrainTheSwamp,7.93E+17,https://twitter.com/realDonaldTrump/status/792922071437287428,29948,13014,,
16-10-30,23:23:26,"""@slh: I follow Mr.Trump at all of his rallies by watching them on https://t.co/biseaBESvS. He is a lion-hearted warrior, who inspires hope",link,,,7.93E+17,https://twitter.com/realDonaldTrump/status/792869550593146880,28946,11248,,
16-10-30,23:19:09,"Thank you Greeley, CO! REAL change means restoring honesty to the govt. Our plan will END govt. corruption! Watch:��_ https://t.co/qz5AL7zvp4",text,,,7.93E+17,https://twitter.com/realDonaldTrump/status/792868471734345728,28143,11761,,
16-10-30,19:05:31,"Thank you Las Vegas, Nevada- I love you! Departing for Greeley, Colorado now. Get out &amp; VOTE! #ICYMI- watch here:��_ https://t.co/uIloPRtEn9",text,,ICYMI,7.93E+17,https://twitter.com/realDonaldTrump/status/792804645542305792,23281,8404,,
16-10-30,17:58:52,"See you tomorrow Michigan!

Grand Rapids, MI tomorrow at noon:
https://t.co/xFPRNEPNZ5

Warren, MI tomorrow at 3pm:��_ https://t.co/UHRTgS88B5",text,,,7.93E+17,https://twitter.com/realDonaldTrump/status/792787872789045248,20768,7963,,
16-10-30,14:26:30,"Wow, Twitter, Google and Facebook are burying the FBI criminal investigation of Clinton. Very dishonest media!",text,,,7.93E+17,https://twitter.com/realDonaldTrump/status/792734426912337920,73817,36320,,
16-10-30,14:04:06,"Hillary and the Dems loved and praised FBI Director Comey just a few days ago. Original evidence was overwhelming, should not have delayed!",text,,,7.93E+17,https://twitter.com/realDonaldTrump/status/792728791743291392,49856,19734,,
16-10-30,13:55:06,"We are now leading in many polls, and many of these were taken before the criminal investigation announcement on Friday - great in states!",text,,,7.93E+17,https://twitter.com/realDonaldTrump/status/792726526127067136,65563,21450,,
16-10-30,1:36:25,"Great day in Colorado &amp; Arizona. Will be in Nevada, Colorado and New Mexico tomorrow - join me!
Tickets:��_ https://t.co/vMPTsLXsCT",text,,,7.93E+17,https://twitter.com/realDonaldTrump/status/792540629548933120,27525,10885,,
16-10-30,1:23:28,"THANK YOU Phoenix, Arizona! Time for new POWERFUL leadership. Just imagine what WE can accomplish in our first 100��_ https://t.co/gqZLLxcenk",text,,,7.93E+17,https://twitter.com/realDonaldTrump/status/792537371291987968,39720,15469,,
16-10-29,20:02:16,So nice - great Americans outside Trump Tower right now. Thank you! https://t.co/34ATTgICTz,text,photo,,7.92E+17,https://twitter.com/realDonaldTrump/status/792456539151806464,61554,23439,,
16-10-29,19:56:49,"Departing Golden, CO. for Arizona now - after an unbelievable rally. Watch here: https://t.co/zNzmWuZPiV
Overflow: https://t.co/93L7JfdmXJ",link,,,7.92E+17,https://twitter.com/realDonaldTrump/status/792455164615544832,26682,9810,,
16-10-29,17:02:04,#ObamacareFail https://t.co/iusXk4n9w7,text,photo,ObamacareFail,7.92E+17,https://twitter.com/realDonaldTrump/status/792411187547734016,20785,11372,,
16-10-29,16:54:54,"Tomorrow!

Las Vegas, NV- 11a: https://t.co/KluudKImvn
Greeley, CO- 4p: https://t.co/JYimiIbqKB
Albuquerque, NM- 7p: https://t.co/7SCol4vQlM",text,,,7.92E+17,https://twitter.com/realDonaldTrump/status/792409386073202688,14078,6084,,
16-10-29,15:37:26,"""@DeplorableCBTP: ""In my mind, #DonaldTrump is the only way out of this mess."" - #PhilRobertson of TVs #DuckDynasty""   Thank you Phil!",text,,DonaldTrump;PhilRobertson;DuckDynasty,7.92E+17,https://twitter.com/realDonaldTrump/status/792389892298780672,31475,11846,,
16-10-29,13:08:22,I am in Colorado - big day planned - but nothing can be as big as yesterday!,text,,,7.92E+17,https://twitter.com/realDonaldTrump/status/792352376828993538,43759,12738,,
16-10-29,4:11:17,"Join me in Colorado at 12pm tomorrow - or Arizona at 3pm!

TICKETS:
Golden: https://t.co/Eix7SspO2Z
Phoenix:��_ https://t.co/pheYCksxq0",text,,,7.92E+17,https://twitter.com/realDonaldTrump/status/792217215114342400,20487,8481,,
16-10-29,4:04:25,"Thank you Maine, New Hampshire and Iowa. The waiting is OVER! The time for change is NOW! We are going to��_ https://t.co/HVPjw6qeQ2",text,,,7.92E+17,https://twitter.com/realDonaldTrump/status/792215485941186560,34366,13170,,
16-10-29,1:30:55,"""@piersmorgan: BOMBSHELL: FBI reopening its investigation into HillaryClintons email server after new discovery!",text,,,7.92E+17,https://twitter.com/realDonaldTrump/status/792176856086622208,43506,15607,,
16-10-29,1:28:46,Just landed in Iowa - speaking soon!,text,,,7.92E+17,https://twitter.com/realDonaldTrump/status/792176315478609920,25906,6356,,
16-10-28,19:20:22,We must not let #CrookedHillary take her CRIMINAL SCHEME into the Oval Office. #DrainTheSwamp https://t.co/GtPkj4xIz6,text,photo,CrookedHillary;DrainTheSwamp,7.92E+17,https://twitter.com/realDonaldTrump/status/792083605405171712,55576,26846,,
16-10-28,17:24:08,"Just out: Neera Tanden, Hillary Clinton adviser said, ���Israel is depressing.�۝ I think Israel is inspiring!",text,,,7.92E+17,https://twitter.com/realDonaldTrump/status/792054354991800320,38595,15573,,
16-10-28,17:23:39,RT @DRUDGE_REPORT: WSJ:  The Cold Clinton Reality... https://t.co/udWj5mXcA6,link,,,7.92E+17,https://twitter.com/realDonaldTrump/status/792054233721864193,9803,4484,,
16-10-28,17:04:59,Heading to New Hampshire. Will be talking about the disaster known as ObamaCare!,text,,,7.92E+17,https://twitter.com/realDonaldTrump/status/792049535195439104,26067,7778,,
16-10-28,15:53:19,"If my people said the things about me that Podesta &amp; Hillarys people said about her, I would fire them out of self respect. ""Bad instincts""",text,,,7.92E+17,https://twitter.com/realDonaldTrump/status/792031499075944448,50050,18095,,
16-10-28,15:39:01,"Join me tonight in Cedar Rapids, Iowa at 7pm: https://t.co/QWaEJpR79n

Phoenix, Arizona tomorrow night at 3pm: https://t.co/0LjE9qbNLh",text,,,7.92E+17,https://twitter.com/realDonaldTrump/status/792027901126406144,14474,5670,,
16-10-28,15:27:05,"""@Jmoschetti1363: @Johnatsrs1949 FBI must be outraged that their hands r tied she has no regard or t secret service, FBI, or (Dallas)police""",text,,,7.92E+17,https://twitter.com/realDonaldTrump/status/792024896616407040,20318,8257,,
16-10-28,14:48:59,RT @DRUDGE_REPORT: WSJ:  Grifters-in-Chief...  https://t.co/mPFocMuBgu,link,,,7.92E+17,https://twitter.com/realDonaldTrump/status/792015309058310145,7752,3553,,
16-10-28,1:47:08,"Thank you Geneva, Ohio. 
If I am elected President, I am going to keep RADICAL ISLAMIC TERRORISTS OUT of our countr��_ https://t.co/a7t5QN2iqW",text,,,7.92E+17,https://twitter.com/realDonaldTrump/status/791818552600821761,43776,17058,,
16-10-28,0:14:46,"Join @TeamTrump on Facebook &amp; watch tonights rally from Geneva, Ohio- our 3rd rally of the day. #AmericaFirst #MAGA https://t.co/ZqJmf4QcwH",link,,AmericaFirst;MAGA,7.92E+17,https://twitter.com/realDonaldTrump/status/791795308162408448,16762,6386,,
16-10-27,22:37:22,Crooked Hillary launched her political career by letting terrorists off the hook. #DrainTheSwamp��_ https://t.co/BLMkZQ8svK,text,,DrainTheSwamp,7.92E+17,https://twitter.com/realDonaldTrump/status/791770795165057025,27899,16716,,
16-10-27,22:27:20,"""@KeithRowland: People in Arizona just got a taste of Obamacare with a 116% increase in premiums. @realDonaldTrump"" Repeal and replace!",text,,,7.92E+17,https://twitter.com/realDonaldTrump/status/791768269615169538,29679,15017,,
16-10-27,22:23:56,I will be interviewed on @oreillyfactor tonight at 8:00 P.M. Enjoy!,text,,,7.92E+17,https://twitter.com/realDonaldTrump/status/791767413465419777,18834,5948,,
16-10-27,22:05:00,"I delivered a speech in Charlotte, North Carolina yesterday. I appreciate all of the feedback &amp; support. Lets #MAGA��_ https://t.co/aI2HtiRUzr",text,,MAGA,7.92E+17,https://twitter.com/realDonaldTrump/status/791762650195632128,30021,13915,,
16-10-27,21:07:48,"Join me live in Toledo, Ohio. Time to #DrainTheSwamp &amp; #MAGA!
https://t.co/NU39Mmlh1T",text,,DrainTheSwamp;MAGA,7.92E+17,https://twitter.com/realDonaldTrump/status/791748254991912960,13107,4497,,
16-10-27,21:02:09,"Join me in Cedar Rapids, Iowa tomorrow at 7:00pm! #MAGA
https://t.co/QWaEJpzvKN https://t.co/CniHGkjp0v",text,photo,MAGA,7.92E+17,https://twitter.com/realDonaldTrump/status/791746832686682112,13093,5100,,
16-10-27,20:27:44,"#ICYMI: I agree- To all Americans, I see you &amp; I hear you. I am your voice. Vote to #DrainTheSwamp with me on 11/8.��_ https://t.co/P2edj2MoXy",text,,ICYMI;DrainTheSwamp,7.92E+17,https://twitter.com/realDonaldTrump/status/791738173462310912,31948,15294,,
16-10-27,19:26:05,"Thank you Springfield, Ohio. Get out and #VoteTrumpPence16!
#ICYMI - watch here: https://t.co/dEoXV6oS3b��_ https://t.co/RNgCUUqO4X",text,,VoteTrumpPence16;ICYMI,7.92E+17,https://twitter.com/realDonaldTrump/status/791722658358439936,17563,7376,,
16-10-27,17:45:20,"Join me live in Springfield, Ohio!
https://t.co/LREA7WRmOx",text,,,7.92E+17,https://twitter.com/realDonaldTrump/status/791697302519947264,12789,4485,,
16-10-27,14:49:59,"Inside ���Bill Clinton Inc.�۪: Hacked memo reveals intersection of charity and personal income. #DrainTheSwamp!
https://t.co/UfDVzeSDfd",text,,DrainTheSwamp,7.92E+17,https://twitter.com/realDonaldTrump/status/791653174994202624,21878,13380,,
16-10-27,14:44:46,"JOIN ME! #MAGA
TODAY:
Springfield, OH 
Toledo, OH 
Geneva, OH 
FRIDAY:
Manchester, NH 
Lisbon, ME 
Cedar Rapids, IA
https://t.co/kv624y9UOm",text,,MAGA,7.92E+17,https://twitter.com/realDonaldTrump/status/791651860889427968,17834,7312,,
16-10-27,14:32:59,"I agree, @MMFlint- To all Americans, I see you &amp; I hear you. I am your voice. Vote to #DrainTheSwamp w/ me on 11/8. https://t.co/D7nBwkogBb",text,,DrainTheSwamp,7.92E+17,https://twitter.com/realDonaldTrump/status/791648893725450240,25112,12117,,
16-10-27,14:12:42,"""Clinton Foundation�۪s Fundraisers Pressed Donors to Steer Business to Former President""
https://t.co/PlFILR6JCn",link,,,7.92E+17,https://twitter.com/realDonaldTrump/status/791643789609865216,15641,9359,,
16-10-27,14:10:38,"Ron Fournier: ""Clinton Used Secret Server To Protect #CircleOfEnrichment�۝
https://t.co/4OGP3tPxyp",text,,CircleOfEnrichment,7.92E+17,https://twitter.com/realDonaldTrump/status/791643269109350400,15235,8698,,
16-10-27,14:08:15,"WikiLeaks Drip-Drop Releases Prove One Thing: Theres No Nov. 8 Deadline on Clintons Dishonesty and Scandals
https://t.co/MfRy3Nvd4F",link,,,7.92E+17,https://twitter.com/realDonaldTrump/status/791642669256769536,23683,12690,,
16-10-27,13:01:12,A lot of call-ins about vote flipping at the voting booths in Texas. People are not happy. BIG lines. What is going on?,text,,,7.92E+17,https://twitter.com/realDonaldTrump/status/791625798792974336,41051,20235,,
16-10-27,12:17:57,"Obamacare is a disaster. We must REPEAL &amp; REPLACE. Tired of the lies, and want to #DrainTheSwamp? Get out &amp; VOTE��_ https://t.co/jOelj829Pg",text,,DrainTheSwamp,7.92E+17,https://twitter.com/realDonaldTrump/status/791614912833449984,31037,14971,,
16-10-27,12:16:35,RT @EricTrump: Tune into @GMA right now to catch a great interview with my father &amp; the entire family! _��_��� #VoteTrumpPence16 https://t.co/Sa��_,text,,VoteTrumpPence16,7.92E+17,https://twitter.com/realDonaldTrump/status/791614568275570688,17817,5383,,
16-10-27,1:57:51,"Beautiful evening in Kinston, North Carolina - thank you! Get out and VOTE!! You can watch tonights rally here:��_ https://t.co/x7wtERl55d",text,,,7.91E+17,https://twitter.com/realDonaldTrump/status/791458860930392065,26100,10016,,
16-10-27,1:52:45,"Thank you Charlotte, North Carolina. Great afternoon! #ICYMI - I delivered a speech on urban renewal. Full speech:��_ https://t.co/ga6DQZrIR0",text,,ICYMI,7.91E+17,https://twitter.com/realDonaldTrump/status/791457576030535680,26971,10835,,
16-10-26,21:59:15,Hillary said she was under sniper fire (while surrounded by USSS.) Turned out to be a total lie. She is not fit to��_ https://t.co/hBIrGj21l6,text,,,7.91E+17,https://twitter.com/realDonaldTrump/status/791398814049456128,70088,37423,,
16-10-26,18:49:49,"JOIN ME IN OHIO TOMORROW!
Springfield-1pm:
https://t.co/YcbpSigtva

